"No.","Ticker","Company","Sector","Industry","Country","Market Cap","P/E","Price","Change","Volume"
1,"A","Agilent Technologies Inc","Healthcare","Diagnostics & Research","USA",47302.02,33.03,167.78,0.66%,2290118
2,"AAPL","Apple Inc","Technology","Consumer Electronics","USA",4869931.86,38.25,333.69,1.02%,33278552
3,"ABBV","Abbvie Inc","Healthcare","Drug Manufacturers - General","USA",464433.78,74.31,262.82,1.11%,5863074
4,"ABNB","Airbnb Inc","Consumer Cyclical","Travel Services","USA",97260.76,36.92,162.43,1.22%,3443509
5,"ABT","Abbott Laboratories","Healthcare","Medical Devices","USA",168712.37,31.51,97.50,0.84%,8709937
6,"ACGL","Arch Capital Group Ltd","Financial","Insurance - Diversified","Bermuda",31939.05,7.31,93.60,-0.70%,3032485
7,"ACN","Accenture plc","Technology","Information Technology Services","Ireland",121715.29,14.66,198.90,-6.31%,10035823
8,"ADBE","Adobe Inc","Technology","Software - Application","USA",92508.95,13.26,237.69,-1.49%,3115208
9,"ADI","Analog Devices Inc","Technology","Semiconductors","USA",202136.48,49.50,417.15,3.10%,2629935
10,"ADM","Archer Daniels Midland Co","Consumer Defensive","Farm Products","USA",38773.65,22.02,80.45,1.17%,3472350
11,"ADP","Automatic Data Processing Inc","Technology","Software - Application","USA",102106.10,23.55,257.68,-2.38%,2188138
12,"ADSK","Autodesk Inc","Technology","Software - Application","USA",44308.00,27.46,212.00,0.33%,1672967
13,"AEE","Ameren Corp","Utilities","Utilities - Regulated Electric","USA",27667.72,17.59,99.94,0.30%,2406934
14,"AEP","American Electric Power Company Inc","Utilities","Utilities - Regulated Electric","USA",65093.60,20.72,119.57,-0.15%,5539042
15,"AES","AES Corp","Utilities","Utilities - Diversified","USA",10637.37,5.57,14.91,-0.07%,7258730
16,"AFL","Aflac Inc","Financial","Insurance - Life","USA",55919.83,11.95,111.54,0.32%,1874054
17,"AIG","American International Group Inc","Financial","Insurance - Diversified","USA",39180.38,13.73,74.93,-0.66%,4739467
18,"AIZ","Assurant Inc","Financial","Insurance - Property & Casualty","USA",13185.23,12.69,267.32,0.41%,349502
19,"AJG","Arthur J. Gallagher & Co","Financial","Insurance Brokers","USA",57951.99,37.41,226.11,-2.46%,1398271
20,"AKAM","Akamai Technologies Inc","Technology","Software - Infrastructure","USA",15653.61,39.29,108.92,1.86%,5045504
21,"ALAB","Astera Labs Inc","Technology","Semiconductors","USA",60777.04,172.49,350.33,-1.71%,4102110
22,"ALB","Albemarle Corp","Basic Materials","Specialty Chemicals","USA",12342.15,,104.59,-0.42%,2004941
23,"ALGN","Align Technology Inc","Healthcare","Medical Instruments & Supplies","USA",10211.27,24.94,143.74,-1.10%,549998
24,"ALL","Allstate Corp","Financial","Insurance - Property & Casualty","USA",56574.44,4.47,223.74,-0.30%,1845563
25,"ALLE","Allegion plc","Industrials","Security & Protection Services","Ireland",13113.52,20.23,154.21,-0.05%,888007
26,"ALNY","Alnylam Pharmaceuticals Inc","Healthcare","Biotechnology","USA",29400.54,37.10,219.72,-4.96%,1661854
27,"AMAT","Applied Materials Inc","Technology","Semiconductor Equipment & Materials","USA",428574.33,46.57,540.04,2.03%,6080420
28,"AMCR","Amcor Plc","Consumer Cyclical","Packaging & Containers","Switzerland",19353.79,17.56,41.86,0.12%,2401925
29,"AMD","Advanced Micro Devices Inc","Technology","Semiconductors","USA",1034842.17,162.69,633.91,2.95%,19865309
30,"AME","Ametek Inc","Industrials","Specialty Industrial Machinery","USA",57757.78,36.82,251.93,1.14%,1588819
31,"AMGN","AMGEN Inc","Healthcare","Drug Manufacturers - General","USA",217896.33,25.04,403.04,-1.04%,3510312
32,"AMP","Ameriprise Financial Inc","Financial","Asset Management","USA",43363.66,11.84,490.91,-0.79%,462937
33,"AMT","American Tower Corp","Real Estate","REIT - Specialty","USA",75578.72,22.30,162.20,0.71%,2908532
34,"AMZN","Amazon.com Inc","Consumer Cyclical","Internet Retail","USA",2712973.86,20.23,251.52,1.33%,33433392
35,"ANET","Arista Networks Inc","Technology","Computer Hardware","USA",261514.93,65.37,207.35,1.40%,4148414
36,"AON","Aon Plc","Financial","Insurance Brokers","Ireland",57157.20,14.86,269.45,-2.36%,1608967
37,"AOS","A.O. Smith Corp","Industrials","Specialty Industrial Machinery","USA",7712.81,15.82,56.75,0.14%,1091183
38,"APA","APA Corp","Energy","Oil & Gas E&P","USA",15303.35,9.24,43.68,0.78%,3977626
39,"APD","Air Products & Chemicals Inc","Basic Materials","Specialty Chemicals","USA",61810.82,,277.57,1.55%,1015304
40,"APH","Amphenol Corp","Technology","Electronic Components","USA",214440.49,43.54,86.96,1.51%,10765276
41,"APO","Apollo Global Management Inc","Financial","Asset Management","USA",67333.74,43.13,114.02,-0.28%,2810737
42,"APP","Applovin Corp","Communication Services","Advertising Agencies","USA",89760.09,20.62,268.22,-4.65%,8968978
43,"APTV","Aptiv Plc","Consumer Cyclical","Auto Parts","Switzerland",9040.36,41.30,43.54,-0.98%,2714974
44,"ARE","Alexandria Real Estate Equities Inc","Real Estate","REIT - Office","USA",8254.11,,47.37,0.72%,2068827
45,"ARES","Ares Management Corp","Financial","Asset Management","USA",38824.09,53.60,117.55,0.84%,2594262
46,"ARM","Arm Holdings Plc ADR","Technology","Semiconductors","United Kingdom",328399.31,315.44,307.49,5.18%,5902359
47,"ASML","ASML Holding NV","Technology","Semiconductor Equipment & Materials","Netherlands",719698.64,58.13,1867.31,3.25%,1345027
48,"ATO","Atmos Energy Corp","Utilities","Utilities - Regulated Gas","USA",26559.93,18.71,157.17,0.51%,844116
49,"AVGO","Broadcom Inc","Technology","Semiconductors","USA",1695306.99,45.34,355.14,3.35%,24639562
50,"AVY","Avery Dennison Corp","Consumer Cyclical","Packaging & Containers","USA",12874.13,18.59,169.87,-1.02%,631824
51,"AWK","American Water Works Co Inc","Utilities","Utilities - Regulated Water","USA",25884.45,22.55,130.25,1.87%,2149972
52,"AXON","Axon Enterprise Inc","Industrials","Aerospace & Defense","USA",33579.48,171.19,413.35,-2.10%,825162
53,"AXP","American Express Co","Financial","Credit Services","USA",204470.30,18.37,302.78,0.23%,2779020
54,"AZO","Autozone Inc","Consumer Cyclical","Auto Parts","USA",45580.88,18.27,2792.03,-0.96%,169830
55,"BA","Boeing Co","Industrials","Aerospace & Defense","USA",152984.01,88.15,193.56,0.67%,12642461
56,"BAC","Bank Of America Corp","Financial","Banks - Diversified","USA",375860.23,12.37,53.75,0.04%,35089452
57,"BALL","Ball Corp","Consumer Cyclical","Packaging & Containers","USA",14921.33,16.03,56.37,-0.23%,1864496
58,"BAX","Baxter International Inc","Healthcare","Medical Instruments & Supplies","USA",12144.24,,23.49,-0.63%,4808578
59,"BBY","Best Buy Co Inc","Consumer Cyclical","Specialty Retail","USA",18449.75,14.64,87.97,0.31%,2188026
60,"BDX","Becton Dickinson & Co","Healthcare","Medical Instruments & Supplies","USA",48157.99,53.33,176.80,-0.71%,1865275
61,"BE","Bloom Energy Corp","Industrials","Electrical Equipment & Parts","USA",85162.58,393.99,289.15,4.17%,12898156
62,"BEN","Franklin Templeton Inc","Financial","Asset Management","USA",16670.00,22.37,32.81,0.95%,5056514
63,"BF-B","Brown-Forman Corp","Consumer Defensive","Beverages - Wineries & Distilleries","USA",12089.81,16.86,26.16,0.73%,1702492
64,"BG","Bunge Global SA","Consumer Defensive","Farm Products","USA",20502.95,20.69,106.72,0.10%,2010064
65,"BIIB","Biogen Inc","Healthcare","Drug Manufacturers - General","USA",32488.15,38.94,219.88,-1.32%,780427
66,"BKNG","Booking Holdings Inc","Consumer Cyclical","Travel Services","USA",119484.53,17.59,159.02,-0.79%,7693144
67,"BKR","Baker Hughes Co","Energy","Oil & Gas Equipment & Services","USA",55589.75,17.99,56.00,0.68%,4222677
68,"BLK","Blackrock Inc","Financial","Asset Management","USA",172164.65,26.36,1059.63,-0.44%,566260
69,"BMY","Bristol-Myers Squibb Co","Healthcare","Drug Manufacturers - General","USA",124912.00,13.47,61.15,-0.50%,9935530
70,"BNY","Bank Of New York Mellon Corp","Financial","Banks - Diversified","USA",98654.50,16.93,145.40,1.03%,2901208
71,"BR","Broadridge Financial Solutions Inc","Technology","Information Technology Services","USA",17717.40,16.31,156.93,-2.62%,743228
72,"BRK-B","Berkshire Hathaway Inc","Financial","Insurance - Diversified","USA",967989.01,12.64,502.65,0.43%,4193472
73,"BRO","Brown & Brown Inc","Financial","Insurance Brokers","USA",20046.51,18.94,59.91,-3.01%,2520332
74,"BSX","Boston Scientific Corp","Healthcare","Medical Devices","USA",61737.17,17.27,42.60,-1.46%,18313947
75,"BX","Blackstone Inc","Financial","Asset Management","USA",138775.27,25.07,111.75,-0.44%,5714791
76,"BXP","BXP Inc","Real Estate","REIT - Office","USA",10550.30,32.48,60.45,0.35%,968720
77,"C","Citigroup Inc","Financial","Banks - Diversified","USA",215550.62,13.87,128.50,1.18%,7612467
78,"CAH","Cardinal Health Inc","Healthcare","Medical Distribution","USA",52865.00,31.54,228.30,-0.78%,1860047
79,"CARR","Carrier Global Corp","Industrials","Building Products & Equipment","USA",45436.80,38.84,55.12,-0.18%,576792880,"CASY","Casey's General Stores Inc","Consumer Cyclical","Specialty Retail","USA",22832.51,29.74,617.76,-0.28%,608766
81,"CAT","Caterpillar Inc","Industrials","Farm & Heavy Construction Machinery","USA",388618.32,36.37,845.42,2.31%,2387296
82,"CB","Chubb Limited","Financial","Insurance - Property & Casualty","Switzerland",127657.31,11.71,330.89,-0.12%,1986790
83,"CBRE","CBRE Group Inc","Real Estate","Real Estate Services","USA",37523.17,29.71,129.58,-0.73%,1903921
84,"CCEP","Coca-Cola Europacific Partners Plc","Consumer Defensive","Beverages - Non-Alcoholic","United Kingdom",44791.57,19.52,101.06,0.27%,2314947
85,"CCI","Crown Castle Inc","Real Estate","REIT - Specialty","USA",28267.26,14.64,66.44,0.48%,2960731
86,"CCL","Carnival Corp Ltd","Consumer Cyclical","Travel Services","USA",34637.16,11.25,25.76,2.75%,27462885
87,"CDNS","Cadence Design Systems Inc","Technology","Software - Application","USA",96759.33,69.90,351.35,0.18%,2098092
88,"CDW","CDW Corp","Technology","Information Technology Services","USA",16663.57,16.02,133.29,-1.87%,1330123
89,"CEG","Constellation Energy Corp","Utilities","Utilities - Independent Power Producers","USA",91230.60,25.08,257.49,-0.55%,3673087
90,"CF","CF Industries Holdings Inc","Basic Materials","Agricultural Inputs","USA",17405.40,8.53,115.01,0.41%,1891919
91,"CFG","Citizens Financial Group Inc","Financial","Banks - Regional","USA",27094.30,13.98,64.33,0.99%,4992045
92,"CHD","Church & Dwight Co Inc","Consumer Defensive","Household & Personal Products","USA",22370.70,30.35,94.31,0.21%,2182069
93,"CHRW","C.H. Robinson Worldwide Inc","Industrials","Integrated Freight & Logistics","USA",18429.78,30.10,157.72,2.99%,1599341
94,"CHTR","Charter Communications Inc","Communication Services","Telecom Services","USA",19138.34,2.84,109.29,-1.87%,2357650
95,"CI","Cigna Group","Healthcare","Healthcare Plans","USA",71484.98,11.19,270.53,0.96%,1914067
96,"CIEN","CIENA Corp","Technology","Communication Equipment","USA",55495.35,87.33,391.34,3.22%,2525380
97,"CINF","Cincinnati Financial Corp","Financial","Insurance - Property & Casualty","USA",24855.77,7.64,161.95,-0.12%,559328
98,"CL","Colgate-Palmolive Co","Consumer Defensive","Household & Personal Products","USA",67169.78,33.33,84.26,-0.32%,6610721
99,"CLX","Clorox Co","Consumer Defensive","Household & Personal Products","USA",9724.06,16.71,80.41,-0.30%,2284082
100,"CMCSA","Comcast Corp","Communication Services","Telecom Services","USA",76544.09,6.98,21.57,-0.60%,21044204
101,"CME","CME Group Inc","Financial","Financial Data & Stock Exchanges","USA",94619.69,22.32,263.14,-0.74%,1522425
102,"CMG","Chipotle Mexican Grill","Consumer Cyclical","Restaurants","USA",40948.93,29.85,32.36,0.12%,15078921
103,"CMI","Cummins Inc","Industrials","Specialty Industrial Machinery","USA",72730.90,27.00,528.32,2.19%,1045943
104,"CMS","CMS Energy Corp","Utilities","Utilities - Regulated Electric","USA",19987.41,19.15,63.74,0.16%,5152336
105,"CNC","Centene Corp","Healthcare","Healthcare Plans","USA",31116.75,,62.99,3.28%,3580101
106,"CNP","Centerpoint Energy Inc","Utilities","Utilities - Regulated Electric","USA",24893.04,22.27,37.79,1.56%,8756740
107,"COF","Capital One Financial Corp","Financial","Credit Services","USA",119457.76,12.06,194.72,0.12%,4296790
108,"COHR","Coherent Corp","Technology","Scientific & Technical Instruments","USA",66003.30,81.96,337.04,5.59%,8666772
109,"COIN","Coinbase Global Inc","Financial","Financial Data & Stock Exchanges","USA",48282.16,,183.00,-3.32%,12867480
110,"COO","Cooper Companies Inc","Healthcare","Medical Instruments & Supplies","USA",10821.74,19.42,56.91,-0.87%,3310056
111,"COP","Conoco Phillips","Energy","Oil & Gas E&P","USA",152269.53,16.79,126.75,-0.24%,5245295
112,"COR","Cencora Inc","Healthcare","Medical Distribution","USA",58975.14,22.98,309.05,-0.24%,1164368
113,"COST","Costco Wholesale Corp","Consumer Defensive","Discount Stores","USA",408092.85,44.34,920.65,0.62%,2025566
114,"CPAY","Corpay Inc","Technology","Software - Infrastructure","USA",25909.28,23.99,394.60,1.25%,578403
115,"CPRT","Copart Inc","Industrials","Specialty Business Services","USA",25214.71,17.55,27.22,-0.26%,8446541
116,"CPT","Camden Property Trust","Real Estate","REIT - Residential","USA",12977.57,31.76,95.96,-0.68%,1053556
117,"CRH","CRH Plc","Basic Materials","Building Materials","USA",54513.41,14.45,81.94,0.29%,5441800
118,"CRL","Charles River Laboratories International Inc","Healthcare","Diagnostics & Research","USA",13853.34,,290.19,1.17%,445516
119,"CRM","Salesforce Inc","Technology","Software - Application","USA",193149.87,21.39,234.69,-0.84%,7905448
120,"CRWD","Crowdstrike Holdings Inc","Technology","Software - Infrastructure","USA",276503.37,7564.15,270.04,1.48%,5857040
121,"CRWV","CoreWeave Inc","Technology","Software - Infrastructure","USA",49428.71,,89.62,1.19%,23591620
122,"CSCO","Cisco Systems Inc","Technology","Communication Equipment","USA",442358.21,33.70,112.20,3.16%,17498115
123,"CSGP","Costar Group Inc","Real Estate","Real Estate Services","USA",11094.31,150.69,27.38,-1.23%,3741484
124,"CSX","CSX Corp","Industrials","Railroads","USA",87862.88,27.39,47.43,1.91%,10964955
125,"CTAS","Cintas Corp","Industrials","Specialty Business Services","USA",77343.33,38.05,193.02,-1.32%,1863721
126,"CTSH","Cognizant Technology Solutions Corp","Technology","Information Technology Services","USA",26355.49,12.56,58.51,-3.89%,7001895
127,"CTVA","Corteva Inc","Basic Materials","Agricultural Inputs","USA",7954.22,7.88,11.92,-5.17%,78829332
128,"CVNA","Carvana Co","Consumer Cyclical","Auto & Truck Dealerships","USA",70176.58,29.58,63.77,1.16%,8865585
129,"CVS","CVS Health Corp","Healthcare","Healthcare Plans","USA",110579.77,22.83,86.46,1.48%,10463764
130,"CVX","Chevron Corp","Energy","Oil & Gas Integrated","USA",408372.16,19.82,206.69,-0.20%,6672528
131,"D","Dominion Energy Inc","Utilities","Utilities - Regulated Electric","USA",53923.74,21.32,61.31,0.91%,3879042
132,"DAL","Delta Air Lines Inc","Industrials","Airlines","USA",55299.51,13.97,84.09,-0.05%,8153404
133,"DASH","DoorDash Inc","Consumer Cyclical","Internet Retail","USA",81963.22,99.32,189.15,3.83%,4237847
134,"DD","DuPont de Nemours Inc","Basic Materials","Specialty Chemicals","USA",17552.88,308.74,129.98,0.60%,686015
135,"DDOG","Datadog Inc","Technology","Software - Application","USA",99542.78,566.33,277.22,0.27%,2079569
136,"DE","Deere & Co","Industrials","Farm & Heavy Construction Machinery","USA",185232.65,38.18,687.00,2.96%,1071536
137,"DECK","Deckers Outdoor Corp","Consumer Cyclical","Footwear & Accessories","USA",10774.71,11.23,79.12,-0.57%,2708747
138,"DELL","Dell Technologies Inc","Technology","Computer Hardware","USA",357657.41,32.65,562.52,3.84%,5508619
139,"DG","Dollar General Corp","Consumer Defensive","Discount Stores","USA",26240.16,15.46,118.94,0.01%,1603904
140,"DGX","Quest Diagnostics Inc","Healthcare","Diagnostics & Research","USA",25753.42,24.75,233.33,0.97%,1101188
141,"DHI","D.R. Horton Inc","Consumer Cyclical","Residential Construction","USA",37759.67,12.84,135.00,-1.50%,2822532
142,"DHR","Danaher Corp","Healthcare","Diagnostics & Research","USA",150481.20,38.01,214.06,1.09%,3915873
143,"DIS","Walt Disney Co","Communication Services","Entertainment","USA",176450.14,21.08,102.19,0.85%,6704936
144,"DLR","Digital Realty Trust Inc","Real Estate","REIT - Specialty","USA",66241.82,86.85,178.55,1.17%,1692524
145,"DLTR","Dollar Tree Inc","Consumer Defensive","Discount Stores","USA",21044.61,13.70,112.16,-1.98%,1626734
146,"DOC","Healthpeak Properties Inc","Real Estate","REIT - Healthcare Facilities","USA",13770.22,55.72,19.49,0.26%,4873676
147,"DOV","Dover Corp","Industrials","Specialty Industrial Machinery","USA",25547.49,22.83,189.69,0.87%,833229
148,"DOW","Dow Inc","Basic Materials","Chemicals","USA",20203.87,,27.97,1.38%,7350106
149,"DPZ","Dominos Pizza Inc","Consumer Cyclical","Restaurants","USA",9846.57,16.87,297.61,0.89%,579133
150,"DRI","Darden Restaurants Inc","Consumer Cyclical","Restaurants","USA",22745.82,19.57,200.33,1.48%,1097098
151,"DTE","DTE Energy Co","Utilities","Utilities - Regulated Electric","USA",25896.56,19.66,124.45,0.96%,1720760
152,"DUK","Duke Energy Corp","Utilities","Utilities - Regulated Electric","USA",88987.41,17.12,114.13,0.34%,3892522
153,"DVA","DaVita Inc","Healthcare","Medical Care Facilities","USA",11400.42,15.07,178.69,1.33%,451964
154,"DVN","Devon Energy Corp","Energy","Oil & Gas E&P","USA",52415.00,11.28,47.65,1.04%,7923072
155,"DXCM","Dexcom Inc","Healthcare","Medical Devices","USA",32211.51,33.69,85.36,-1.01%,2204390
156,"EBAY","EBay Inc","Consumer Cyclical","Internet Retail","USA",47348.00,22.03,106.40,0.48%,2972905
157,"ECHO","EchoStar Corp","Communication Services","Telecom Services","USA",27409.39,,94.25,6.80%,4943908
158,"ECL","Ecolab Inc","Basic Materials","Specialty Chemicals","USA",76725.94,36.72,273.70,0.90%,1225832
159,"ED","Consolidated Edison Inc","Utilities","Utilities - Regulated Electric","USA",38102.29,16.98,103.39,-0.11%,2646421160,"EFX","Equifax Inc","Industrials","Consulting Services","USA",16447.89,24.60,140.00,0.19%,3472513
161,"EG","Everest Group Ltd","Financial","Insurance - Reinsurance","Bermuda",14120.48,7.79,368.27,-0.12%,401704
162,"EIX","Edison International","Utilities","Utilities - Regulated Electric","USA",20737.62,5.55,53.89,0.17%,5853492
163,"EL","Estee Lauder Cos. Inc","Consumer Defensive","Household & Personal Products","USA",33322.83,184.83,91.97,1.97%,2699301
164,"ELV","Elevance Health Inc","Healthcare","Healthcare Plans","USA",83804.80,17.18,386.43,1.25%,893389
165,"EME","Emcor Group Inc","Industrials","Engineering & Construction","USA",34697.29,24.41,786.61,2.29%,370832
166,"EMR","Emerson Electric Co","Industrials","Specialty Industrial Machinery","USA",90146.06,35.31,161.61,1.92%,2900654
167,"EOG","EOG Resources Inc","Energy","Oil & Gas E&P","USA",74157.94,11.00,141.38,0.05%,3599604
168,"EQIX","Equinix Inc","Real Estate","REIT - Specialty","USA",101209.52,66.01,1025.72,1.32%,331249
169,"EQT","EQT Corp","Energy","Oil & Gas E&P","USA",31382.14,11.64,50.17,0.16%,7588979
170,"ERIE","Erie Indemnity Co","Financial","Insurance Brokers","USA",10296.24,20.19,221.09,-0.46%,143750
171,"ES","Eversource Energy","Utilities","Utilities - Regulated Electric","USA",24295.52,16.71,64.50,0.30%,2544524
172,"ESS","Essex Property Trust Inc","Real Estate","REIT - Residential","USA",17852.45,41.81,268.65,-0.32%,466943
173,"ETN","Eaton Corp Plc","Industrials","Specialty Industrial Machinery","Ireland",169385.12,44.37,436.11,-0.27%,2093940
174,"ETR","Entergy Corp","Utilities","Utilities - Regulated Electric","USA",48212.53,25.80,100.91,0.51%,2648190
175,"EVRG","Evergy Inc","Utilities","Utilities - Regulated Electric","USA",18249.72,20.06,79.17,0.48%,2258334
176,"EW","Edwards Lifesciences Corp","Healthcare","Medical Devices","USA",49080.46,50.53,85.15,-0.05%,2408621
177,"EXC","Exelon Corp","Utilities","Utilities - Regulated Electric","USA",42043.70,14.92,40.73,0.64%,9789520
178,"EXE","Expand Energy Corp","Energy","Oil & Gas E&P","USA",19798.20,7.38,85.52,-0.51%,2897130
179,"EXPD","Expeditors International Of Washington Inc","Industrials","Integrated Freight & Logistics","USA",25019.30,28.01,192.47,2.52%,1552586
180,"EXPE","Expedia Group Inc","Consumer Cyclical","Travel Services","USA",31805.01,16.53,265.00,0.89%,1428078
181,"EXR","Extra Space Storage Inc","Real Estate","REIT - Industrial","USA",29401.43,29.83,133.25,0.13%,999128
182,"F","Ford Motor Co","Consumer Cyclical","Auto Manufacturers","USA",48249.91,,12.10,-1.39%,49154208
183,"FANG","Diamondback Energy Inc","Energy","Oil & Gas E&P","USA",51723.30,35.79,184.71,-0.43%,2139153
184,"FAST","Fastenal Co","Industrials","Industrial Distribution","USA",58235.51,43.19,50.75,1.05%,7156938
185,"FCX","Freeport-McMoRan Inc","Basic Materials","Copper","USA",103450.70,35.57,72.04,3.98%,11949513
186,"FDS","Factset Research Systems Inc","Financial","Financial Data & Stock Exchanges","USA",9460.43,18.27,266.00,-4.18%,566725
187,"FDX","Fedex Corp","Industrials","Integrated Freight & Logistics","USA",68719.63,15.66,290.36,1.15%,1462718
188,"FDXF","FedEx Freight Holding Company Inc","Industrials","Integrated Freight & Logistics","USA",16879.10,,112.89,2.01%,1554560
189,"FE","Firstenergy Corp","Utilities","Utilities - Regulated Electric","USA",25078.26,23.13,43.34,-0.12%,5703000
190,"FER","Ferrovial N. V","Industrials","Engineering & Construction","Netherlands",38681.41,54.84,53.64,1.32%,1896055
191,"FERG","Ferguson Enterprises Inc","Industrials","Industrial Distribution","USA",43203.79,19.99,223.33,0.83%,1841954
192,"FFIV","F5 Inc","Technology","Software - Infrastructure","USA",25711.01,36.17,454.04,2.34%,633195
193,"FICO","Fair Isaac Corp","Technology","Software - Application","USA",14281.44,19.11,661.25,-0.08%,1645538
194,"FIS","Fidelity National Information Services Inc","Technology","Information Technology Services","USA",16729.50,4.98,32.44,-1.99%,7033264
195,"FISV","Fiserv Inc","Technology","Information Technology Services","USA",23589.17,8.51,44.36,-2.25%,6419392
196,"FITB","Fifth Third Bancorp","Financial","Banks - Regional","USA",46133.62,17.31,50.87,0.91%,5586013
197,"FIX","Comfort Systems USA Inc","Industrials","Engineering & Construction","USA",60816.15,42.51,1728.01,2.53%,278288
198,"FLEX","Flex Ltd","Technology","Electronic Components","USA",43076.08,45.03,116.61,3.40%,1954325
199,"FOX","Fox Corp","Communication Services","Entertainment","USA",24854.44,14.58,55.89,1.77%,1030135
200,"FOXA","Fox Corp","Communication Services","Entertainment","USA",24854.44,16.24,62.28,1.63%,4696076
201,"FRT","Federal Realty Investment Trust","Real Estate","REIT - Retail","USA",9326.36,21.54,106.69,-1.24%,1093386
202,"FSLR","First Solar Inc","Technology","Solar","USA",18765.30,10.76,174.61,1.45%,1904787
203,"FTNT","Fortinet Inc","Technology","Software - Infrastructure","USA",132765.48,63.76,180.95,1.25%,3412775
204,"FTV","Fortive Corp","Technology","Scientific & Technical Instruments","USA",17356.92,33.93,57.47,2.92%,2585540
205,"GD","General Dynamics Corp","Industrials","Aerospace & Defense","USA",89308.22,20.12,330.09,-0.79%,1416094
206,"GDDY","Godaddy Inc","Technology","Software - Infrastructure","USA",12311.42,14.41,97.21,0.24%,1720394
207,"GE","GE Aerospace","Industrials","Aerospace & Defense","USA",321187.84,36.49,309.56,-0.91%,4165992
208,"GEHC","GE HealthCare Technologies Inc","Healthcare","Medical Devices","USA",29038.91,14.77,64.29,0.48%,3243884
209,"GEN","Gen Digital Inc","Technology","Software - Infrastructure","USA",13162.93,12.76,21.99,-1.17%,12165328
210,"GEV","GE Vernova Inc","Industrials","Specialty Industrial Machinery","USA",263324.02,28.30,988.70,0.13%,2156049
211,"GILD","Gilead Sciences Inc","Healthcare","Drug Manufacturers - General","USA",179471.10,,144.74,-1.87%,5044221
212,"GIS","General Mills Inc","Consumer Defensive","Packaged Foods","USA",17115.33,,32.01,1.07%,13652258
213,"GL","Globe Life Inc","Financial","Insurance - Life","USA",12732.41,11.00,165.68,-0.09%,296746
214,"GLW","Corning Inc","Technology","Electronic Components","USA",141431.35,75.31,164.19,2.35%,7513365
215,"GM","General Motors Company","Consumer Cyclical","Auto Manufacturers","USA",68678.13,39.48,78.27,-1.31%,9089391
216,"GNRC","Generac Holdings Inc","Industrials","Specialty Industrial Machinery","USA",12805.06,49.98,216.80,4.28%,1114415
217,"GOOG","Alphabet Inc","Communication Services","Internet Content & Information","USA",4183594.98,17.10,340.35,1.62%,17497948
218,"GOOGL","Alphabet Inc","Communication Services","Internet Content & Information","USA",4183594.98,17.26,343.50,1.56%,23772148
219,"GPC","Genuine Parts Co","Consumer Cyclical","Auto Parts","USA",17541.28,509.78,127.24,1.69%,777895
220,"GPN","Global Payments Inc","Technology","Software - Infrastructure","USA",20740.79,24.59,78.38,-2.38%,2517009
221,"GRMN","Garmin Ltd","Technology","Scientific & Technical Instruments","Switzerland",54222.42,28.99,281.16,-0.46%,834547
222,"GS","Goldman Sachs Group Inc","Financial","Capital Markets","USA",262799.67,13.93,902.56,0.66%,1608155
223,"GWW","W.W. Grainger Inc","Industrials","Industrial Distribution","USA",60303.34,32.50,1280.30,-0.11%,270864
224,"HAL","Halliburton Co","Energy","Oil & Gas Equipment & Services","USA",26535.20,16.68,31.85,-0.09%,8103120
225,"HAS","Hasbro Inc","Consumer Cyclical","Leisure","USA",12629.12,16.09,89.54,-0.49%,1819534
226,"HBAN","Huntington Bancshares Inc","Financial","Banks - Regional","USA",30972.96,11.82,15.33,0.92%,20608391
227,"HCA","HCA Healthcare Inc","Healthcare","Medical Care Facilities","USA",92379.02,14.29,426.69,0.78%,929810
228,"HD","Home Depot Inc","Consumer Cyclical","Home Improvement Retail","USA",282196.52,19.79,282.85,0.14%,4792643
229,"HIG","Hartford Insurance Group Inc","Financial","Insurance - Diversified","USA",34143.42,8.15,126.05,0.25%,1585728
230,"HII","Huntington Ingalls Industries Inc","Industrials","Aerospace & Defense","USA",10581.71,16.01,268.54,-2.11%,655798
231,"HLT","Hilton Worldwide Holdings Inc","Consumer Cyclical","Lodging","USA",71876.73,46.93,319.36,1.24%,1124490
232,"HON","Honeywell International Inc","Industrials","Conglomerates","USA",67821.99,7.91,213.99,0.09%,1799288
233,"HONA","Honeywell Aerospace Inc","Industrials","Aerospace & Defense","USA",49010.40,,154.63,0.36%,1782921
234,"HOOD","Robinhood Markets Inc","Financial","Capital Markets","USA",101362.54,49.92,112.74,1.43%,29379831
235,"HPE","Hewlett Packard Enterprise Co","Technology","Communication Equipment","USA",92033.13,36.15,69.33,7.36%,29092170
236,"HPQ","HP Inc","Technology","Computer Hardware","USA",28965.53,12.25,32.12,-0.09%,10303157
237,"HRL","Hormel Foods Corp","Consumer Defensive","Packaged Foods","USA",11144.60,32.54,20.25,1.45%,6514194
238,"HSIC","Henry Schein Inc","Healthcare","Medical Distribution","USA",9459.58,24.73,84.88,-0.06%,1132884
239,"HST","Host Hotels & Resorts Inc","Real Estate","REIT - Hotel & Motel","USA",15456.41,15.13,22.56,0.22%,7107430240,"HSY","Hershey Company","Consumer Defensive","Confectioners","USA",32186.32,23.40,160.19,0.56%,1200566
241,"HUBB","Hubbell Inc","Industrials","Electrical Equipment & Parts","USA",25122.94,28.16,475.52,1.83%,461876
242,"HUM","Humana Inc","Healthcare","Healthcare Plans","USA",46634.39,36.78,388.36,2.29%,765062
243,"HWM","Howmet Aerospace Inc","Industrials","Aerospace & Defense","USA",92230.80,49.88,231.27,1.27%,2262688
244,"IBKR","Interactive Brokers Group Inc","Financial","Capital Markets","USA",40006.81,35.15,88.30,2.90%,4871627
245,"IBM","International Business Machines Corp","Technology","Information Technology Services","USA",209756.80,19.76,222.64,-1.32%,7756796
246,"ICE","Intercontinental Exchange Inc","Financial","Financial Data & Stock Exchanges","USA",84293.38,21.20,150.15,-0.87%,1955897
247,"IDXX","Idexx Laboratories Inc","Healthcare","Diagnostics & Research","USA",40839.35,36.43,518.39,0.12%,288816
248,"IEX","Idex Corp","Industrials","Specialty Industrial Machinery","USA",17176.00,33.47,232.99,1.37%,641184
249,"IFF","International Flavors & Fragrances Inc","Basic Materials","Specialty Chemicals","USA",21029.46,76.47,82.42,-0.84%,1857185
250,"ILMN","Illumina Inc","Healthcare","Diagnostics & Research","USA",41229.04,50.88,273.04,2.75%,2835992
251,"INCY","Incyte Corp","Healthcare","Biotechnology","USA",23371.05,14.69,115.30,-1.57%,2170193
252,"INTC","Intel Corp","Technology","Semiconductors","USA",630790.98,,119.33,-0.56%,95401476
253,"INTU","Intuit Inc","Technology","Software - Application","USA",75114.69,17.04,281.08,-0.60%,2741257
254,"INVH","Invitation Homes Inc","Real Estate","REIT - Residential","USA",15379.83,46.52,26.04,-1.36%,5808373
255,"IP","International Paper Co","Consumer Cyclical","Packaging & Containers","USA",16930.35,,31.97,-1.69%,5608219
256,"IQV","IQVIA Holdings Inc","Healthcare","Diagnostics & Research","USA",42501.37,32.03,258.21,-0.96%,1366642
257,"IR","Ingersoll Rand Inc","Industrials","Specialty Industrial Machinery","USA",29515.12,31.34,76.07,1.09%,4215570
258,"IRM","Iron Mountain Inc","Real Estate","REIT - Specialty","USA",33756.52,80.93,113.39,2.03%,1929113
259,"ISRG","Intuitive Surgical Inc","Healthcare","Medical Instruments & Supplies","USA",138467.33,44.92,391.95,-2.32%,1833944
260,"IT","Gartner Inc","Technology","Information Technology Services","USA",11669.93,16.58,184.80,-4.15%,628570
261,"ITW","Illinois Tool Works Inc","Industrials","Specialty Industrial Machinery","USA",74879.62,23.83,262.92,0.80%,1141372
262,"IVZ","Invesco Ltd","Financial","Asset Management","USA",13536.38,,30.66,0.79%,3877748
263,"J","Jacobs Solutions Inc","Industrials","Engineering & Construction","USA",16158.35,48.46,138.06,-1.24%,772181
264,"JBHT","J.B. Hunt Transport Services Inc","Industrials","Integrated Freight & Logistics","USA",21994.88,33.20,234.20,3.08%,1006542
265,"JBL","Jabil Inc","Technology","Electronic Components","USA",31898.24,31.14,304.41,1.54%,1379211
266,"JCI","Johnson Controls International plc","Industrials","Building Products & Equipment","Ireland",94641.06,27.16,156.24,2.95%,3240644
267,"JKHY","Jack Henry & Associates Inc","Technology","Information Technology Services","USA",9993.85,20.44,142.54,-0.90%,690174
268,"JNJ","Johnson & Johnson","Healthcare","Drug Manufacturers - General","USA",617006.29,29.68,256.03,-1.02%,10942152
269,"JPM","JPMorgan Chase & Co","Financial","Banks - Diversified","USA",883527.97,14.24,332.38,-0.24%,6664286
270,"KDP","Keurig Dr Pepper Inc","Consumer Defensive","Beverages - Non-Alcoholic","USA",41328.29,30.78,30.37,-1.04%,9945489
271,"KEY","Keycorp","Financial","Banks - Regional","USA",21427.94,11.68,20.08,0.15%,12591050
272,"KEYS","Keysight Technologies Inc","Technology","Scientific & Technical Instruments","USA",65482.94,52.98,384.64,2.88%,1255349
273,"KHC","Kraft Heinz Co","Consumer Defensive","Packaged Foods","USA",26313.43,,22.19,-1.20%,12631927
274,"KIM","Kimco Realty Corp","Real Estate","REIT - Retail","USA",14918.36,26.07,22.24,0.14%,4520362
275,"KKR","KKR & Co Inc","Financial","Asset Management","USA",81047.52,28.78,90.29,-1.04%,4748404
276,"KLAC","KLA Corp","Technology","Semiconductor Equipment & Materials","USA",269992.79,56.41,206.89,3.27%,7356292
277,"KMB","Kimberly-Clark Corp","Consumer Defensive","Household & Personal Products","USA",31382.16,16.08,94.36,0.02%,4449388
278,"KMI","Kinder Morgan Inc","Energy","Oil & Gas Midstream","USA",69186.74,20.04,31.07,1.77%,11704966
279,"KO","Coca-Cola Co","Consumer Defensive","Beverages - Non-Alcoholic","USA",368513.31,25.81,85.65,-0.52%,20289541
280,"KR","Kroger Co","Consumer Defensive","Grocery Stores","USA",34862.45,31.95,59.03,-0.76%,4705649
281,"KVUE","Kenvue Inc","Consumer Defensive","Household & Personal Products","USA",33037.31,19.94,17.20,-0.12%,13997087
282,"L","Loews Corp","Financial","Insurance - Property & Casualty","USA",21675.47,12.99,106.03,0.93%,855338
283,"LDOS","Leidos Holdings Inc","Technology","Information Technology Services","USA",14775.45,10.97,117.74,-3.47%,893276
284,"LEN","Lennar Corp","Consumer Cyclical","Residential Construction","USA",19191.80,15.09,79.81,-2.80%,9017011
285,"LH","Labcorp Holdings Inc","Healthcare","Diagnostics & Research","USA",25018.54,25.51,308.49,1.28%,588224
286,"LHX","L3Harris Technologies Inc","Industrials","Aerospace & Defense","USA",44058.38,23.90,236.60,-0.76%,1528996
287,"LII","Lennox International Inc","Industrials","Building Products & Equipment","USA",12313.97,16.11,356.30,-1.15%,505578
288,"LIN","Linde Plc","Basic Materials","Specialty Chemicals","United Kingdom",221030.77,30.96,479.48,2.14%,2534284
289,"LITE","Lumentum Holdings Inc","Technology","Communication Equipment","USA",97362.17,,1085.42,3.79%,4735853
290,"LLY","Lilly(Eli) & Co","Healthcare","Drug Manufacturers - General","USA",1075829.89,38.83,1142.85,-0.61%,2054888
291,"LMT","Lockheed Martin Corp","Industrials","Aerospace & Defense","USA",116643.96,18.63,505.41,-0.02%,1065603
292,"LNT","Alliant Energy Corp","Utilities","Utilities - Regulated Electric","USA",16679.79,20.38,64.33,0.97%,5260143
293,"LOW","Lowe's Cos. Inc","Consumer Cyclical","Home Improvement Retail","USA",101438.57,15.29,180.80,-0.87%,2773010
294,"LRCX","Lam Research Corp","Technology","Semiconductor Equipment & Materials","USA",434857.42,60.29,347.49,2.17%,7462889
295,"LULU","Lululemon Athletica Inc","Consumer Cyclical","Apparel Retail","Canada",10940.93,7.74,94.46,-1.46%,6087577
296,"LUV","Southwest Airlines Co","Industrials","Airlines","USA",20776.67,25.76,42.47,1.51%,6196358
297,"LVS","Las Vegas Sands Corp","Consumer Cyclical","Resorts & Casinos","USA",23466.21,14.12,36.23,-1.25%,7318117
298,"LYB","LyondellBasell Industries NV","Basic Materials","Specialty Chemicals","United Kingdom",18923.56,,58.58,1.38%,3482775
299,"LYV","Live Nation Entertainment Inc","Communication Services","Entertainment","USA",39767.93,,168.77,1.15%,2070682
300,"MA","Mastercard Incorporated","Financial","Credit Services","USA",483785.26,30.38,552.26,0.41%,2453639
301,"MAA","Mid-America Apartment Communities Inc","Real Estate","REIT - Residential","USA",13711.53,33.68,115.27,-0.95%,1687514
302,"MAR","Marriott International Inc","Consumer Cyclical","Lodging","USA",93604.67,37.20,358.96,1.18%,1000891
303,"MAS","Masco Corp","Industrials","Building Products & Equipment","USA",13479.73,15.76,68.36,0.12%,1361503
304,"MCD","McDonald's Corp","Consumer Cyclical","Restaurants","USA",164094.98,18.83,231.89,0.03%,6428546
305,"MCHP","Microchip Technology Inc","Technology","Semiconductors","USA",44157.46,121.57,81.32,3.59%,7822841
306,"MCK","Mckesson Corp","Healthcare","Medical Distribution","USA",105197.16,24.14,902.28,0.38%,777051
307,"MCO","Moody's Corp","Financial","Financial Data & Stock Exchanges","USA",76443.55,27.99,441.36,-1.34%,1606085
308,"MDLZ","Mondelez International Inc","Consumer Defensive","Confectioners","USA",74268.36,21.34,58.19,0.74%,7882368
309,"MDT","Medtronic Plc","Healthcare","Medical Devices","Ireland",110491.92,21.27,86.38,-0.07%,35366016
310,"MELI","MercadoLibre Inc","Consumer Cyclical","Internet Retail","Uruguay",86010.17,46.17,1696.56,0.68%,389860
311,"MET","Metlife Inc","Financial","Insurance - Life","USA",60008.09,18.07,94.43,0.08%,2981206
312,"META","Meta Platforms Inc","Communication Services","Internet Content & Information","USA",1854788.31,27.43,728.08,0.30%,12964079
313,"MGM","MGM Resorts International","Consumer Cyclical","Resorts & Casinos","USA",7668.55,18.45,30.48,0.03%,4087472
314,"MKC","McCormick & Co Inc","Consumer Defensive","Packaged Foods","USA",12032.53,8.07,44.67,1.20%,5455906
315,"MLM","Martin Marietta Materials Inc","Basic Materials","Building Materials","USA",34250.97,11.85,482.27,0.65%,733463
316,"MMM","3M Co","Industrials","Conglomerates","USA",83490.30,28.74,161.89,-0.69%,3026394
317,"MNST","Monster Beverage Corp","Consumer Defensive","Beverages - Non-Alcoholic","USA",84121.68,39.85,42.94,1.90%,7745485
318,"MO","Altria Group Inc","Consumer Defensive","Tobacco","USA",112457.25,14.18,67.35,0.60%,6615102
319,"MOS","Mosaic Company","Basic Materials","Agricultural Inputs","USA",6698.06,,21.07,-2.23%,7821232320,"MPC","Marathon Petroleum Corp","Energy","Oil & Gas Refining & Marketing","USA",118600.71,14.54,422.33,0.52%,2167632
321,"MPWR","Monolithic Power System Inc","Technology","Semiconductors","USA",70752.65,88.23,1439.73,5.79%,705805
322,"MRK","Merck & Co Inc","Healthcare","Drug Manufacturers - General","USA",356012.87,115.34,144.30,0.34%,9661874
323,"MRNA","Moderna Inc","Healthcare","Biotechnology","USA",75858.81,,190.01,0.57%,10289461
324,"MRSH","Marsh","Financial","Insurance Brokers","USA",81154.55,20.81,170.06,-1.04%,2927903
325,"MRVL","Marvell Technology Inc","Technology","Semiconductors","USA",238771.12,89.66,272.29,1.57%,15905528
326,"MS","Morgan Stanley","Financial","Capital Markets","USA",298894.47,15.38,190.31,1.22%,6323920
327,"MSCI","MSCI Inc","Financial","Financial Data & Stock Exchanges","USA",38963.56,29.31,535.95,-1.73%,487617
328,"MSFT","Microsoft Corp","Technology","Software - Infrastructure","USA",3842942.73,28.84,517.53,0.92%,17822339
329,"MSI","Motorola Solutions Inc","Technology","Communication Equipment","USA",74043.57,35.24,447.41,-0.14%,616280
330,"MSTR","Strategy Inc","Technology","Software - Application","USA",61479.92,,160.01,-0.31%,27457402
331,"MTB","M & T Bank Corp","Financial","Banks - Regional","USA",31647.38,11.57,219.14,0.82%,920673
332,"MTD","Mettler-Toledo International Inc","Healthcare","Diagnostics & Research","USA",29778.13,33.45,1486.19,0.34%,129329
333,"MU","Micron Technology Inc","Technology","Semiconductors","USA",1213973.33,14.48,1074.89,-2.05%,27337514
334,"NBIS","Nebius Group NV","Technology","Software - Infrastructure","Netherlands",66009.17,,242.81,4.53%,12268426
335,"NCLH","Norwegian Cruise Line Holdings Ltd","Consumer Cyclical","Travel Services","USA",6952.10,9.57,15.14,3.42%,31250029
336,"NDAQ","Nasdaq Inc","Financial","Financial Data & Stock Exchanges","USA",50492.43,26.32,90.33,-1.46%,3367223
337,"NDSN","Nordson Corp","Industrials","Specialty Industrial Machinery","USA",18577.97,33.75,333.54,1.37%,316347
338,"NEE","NextEra Energy Inc","Utilities","Utilities - Regulated Electric","USA",160265.71,17.24,76.83,0.63%,18187305
339,"NEM","Newmont Corp","Basic Materials","Gold","USA",121764.68,14.59,115.56,0.78%,4032558
340,"NFLX","Netflix Inc","Communication Services","Entertainment","USA",279233.80,21.13,67.06,-1.16%,38672123
341,"NI","NiSource Inc","Utilities","Utilities - Regulated Gas","USA",18909.05,20.88,39.43,-0.18%,4191083
342,"NKE","Nike Inc","Consumer Cyclical","Footwear & Accessories","USA",50246.10,16.23,33.87,-3.64%,142717198
343,"NOC","Northrop Grumman Corp","Industrials","Aerospace & Defense","USA",67906.13,15.16,478.00,-0.83%,2683718
344,"NOW","ServiceNow Inc","Technology","Software - Application","USA",138948.93,83.92,134.38,-2.45%,8859771
345,"NRG","NRG Energy Inc","Utilities","Utilities - Independent Power Producers","USA",20018.34,25.19,95.23,-1.75%,3337296
346,"NSC","Norfolk Southern Corp","Industrials","Railroads","USA",71299.68,27.10,317.44,2.31%,1114352
347,"NTAP","Netapp Inc","Technology","Software - Infrastructure","USA",44443.73,31.94,226.27,5.22%,5063486
348,"NTRS","Northern Trust Corp","Financial","Asset Management","USA",31358.60,14.71,171.40,1.30%,1119011
349,"NUE","Nucor Corp","Basic Materials","Steel","USA",54538.64,19.18,240.39,1.87%,1083536
350,"NVDA","NVIDIA Corp","Technology","Semiconductors","USA",5638194.93,29.57,233.95,1.34%,135167817
351,"NVR","NVR Inc","Consumer Cyclical","Residential Construction","USA",15972.77,15.54,5993.85,-2.16%,41045
352,"NWS","News Corp","Communication Services","Entertainment","USA",16037.94,30.81,31.65,0.64%,936297
353,"NWSA","News Corp","Communication Services","Entertainment","USA",16037.94,27.93,28.69,0.17%,3252992
354,"NXPI","NXP Semiconductors NV","Technology","Semiconductors","Netherlands",61442.32,20.80,243.66,1.87%,2682043
355,"O","Realty Income Corp","Real Estate","REIT - Retail","USA",51218.89,39.59,54.13,1.12%,7675140
356,"ODFL","Old Dominion Freight Line Inc","Industrials","Trucking","USA",37423.72,34.73,180.48,1.34%,1958651
357,"OKE","Oneok Inc","Energy","Oil & Gas Midstream","USA",55400.36,15.18,87.88,0.83%,3586947
358,"OMC","Omnicom Group Inc","Communication Services","Advertising Agencies","USA",20342.75,63.56,74.15,-0.74%,1948207
359,"ON","ON Semiconductor Corp","Technology","Semiconductors","USA",33048.67,54.66,84.89,6.01%,22908331
360,"ORCL","Oracle Corp","Technology","Software - Infrastructure","USA",430277.65,22.31,142.30,3.06%,35409381
361,"ORLY","O'Reilly Automotive Inc","Consumer Cyclical","Auto Parts","USA",68680.77,27.00,84.90,-0.15%,3772714
362,"OTIS","Otis Worldwide Corp","Industrials","Specialty Industrial Machinery","USA",24381.87,16.44,64.05,-0.67%,6162621
363,"OXY","Occidental Petroleum Corp","Energy","Oil & Gas E&P","USA",58058.94,17.21,58.08,0.41%,8911745
364,"P","Everpure Inc","Technology","Computer Hardware","USA",46698.47,191.21,140.14,4.48%,4888887
365,"PANW","Palo Alto Networks Inc","Technology","Software - Infrastructure","USA",329850.31,786.81,403.24,1.76%,4908517
366,"PAYX","Paychex Inc","Technology","Software - Application","USA",35220.71,19.65,98.94,-1.88%,2313801
367,"PCAR","Paccar Inc","Industrials","Farm & Heavy Construction Machinery","USA",57731.71,23.09,109.68,-0.24%,4360808
368,"PCG","PG&E Corp","Utilities","Utilities - Regulated Electric","USA",27133.20,8.99,12.32,1.23%,41517155
369,"PDD","PDD Holdings Inc ADR","Consumer Cyclical","Internet Retail","China",107295.89,8.36,75.38,-1.46%,6771517
370,"PEG","Public Service Enterprise Group Inc","Utilities","Utilities - Regulated Electric","USA",33927.45,16.93,68.07,0.27%,5435283
371,"PEP","PepsiCo Inc","Consumer Defensive","Beverages - Non-Alcoholic","USA",171826.19,16.51,125.89,0.23%,6093478
372,"PFE","Pfizer Inc","Healthcare","Drug Manufacturers - General","USA",158450.91,36.81,27.80,-1.14%,35007924
373,"PFG","Principal Financial Group Inc","Financial","Asset Management","USA",23971.16,15.89,111.96,-0.25%,1097316
374,"PG","Procter & Gamble Co","Consumer Defensive","Household & Personal Products","USA",336578.46,21.89,144.91,0.67%,6251448
375,"PGR","Progressive Corp","Financial","Insurance - Property & Casualty","USA",122211.13,10.54,210.31,-0.31%,2754732
376,"PH","Parker-Hannifin Corp","Industrials","Specialty Industrial Machinery","USA",122650.62,34.14,972.55,0.69%,344683
377,"PHM","PulteGroup Inc","Consumer Cyclical","Residential Construction","USA",21693.88,11.82,115.73,-0.53%,1824950
378,"PKG","Packaging Corp Of America","Consumer Cyclical","Packaging & Containers","USA",20362.52,29.71,228.54,-0.51%,530936
379,"PLD","Prologis Inc","Real Estate","REIT - Industrial","USA",124949.26,28.70,128.91,0.57%,3823816
380,"PLTR","Palantir Technologies Inc","Technology","Software - Infrastructure","USA",453577.25,160.84,188.75,-0.68%,17932108
381,"PM","Philip Morris International Inc","Consumer Defensive","Tobacco","USA",292177.70,26.95,187.46,-0.38%,3094375
382,"PNC","PNC Financial Services Group Inc","Financial","Banks - Regional","USA",88178.52,12.16,221.03,0.13%,1899785
383,"PNR","Pentair plc","Industrials","Specialty Industrial Machinery","United Kingdom",8465.60,13.35,53.03,0.28%,2258556
384,"PNW","Pinnacle West Capital Corp","Utilities","Utilities - Regulated Electric","USA",11625.24,18.39,95.92,1.36%,2115752
385,"PODD","Insulet Corp","Healthcare","Medical Devices","USA",9133.25,26.11,131.69,0.69%,3060814
386,"PPG","PPG Industries Inc","Basic Materials","Specialty Chemicals","USA",23374.85,15.10,105.15,0.46%,1135603
387,"PPL","PPL Corp","Utilities","Utilities - Regulated Electric","USA",24683.47,19.48,32.80,0.12%,6388840
388,"PRU","Prudential Wealth Advisors","Financial","Insurance - Life","USA",38847.00,10.20,112.60,-0.47%,1877854
389,"PSA","Public Storage","Real Estate","REIT - Industrial","USA",53030.55,27.06,283.81,-0.07%,819177
390,"PSKY","Paramount Skydance Corp","Communication Services","Entertainment","USA",10658.49,,9.50,1.71%,37388663
391,"PSX","Phillips 66","Energy","Oil & Gas Refining & Marketing","USA",105572.95,15.06,264.58,0.13%,2056817
392,"PTC","PTC Inc","Technology","Software - Application","USA",15628.16,13.92,144.03,-1.67%,1121382
393,"PWR","Quanta Services Inc","Industrials","Engineering & Construction","USA",101716.32,77.49,676.56,2.11%,868552
394,"PYPL","PayPal Holdings Inc","Financial","Credit Services","USA",45168.33,9.98,52.80,-0.49%,9014413
395,"Q","Qnity Electronics Inc","Technology","Semiconductor Equipment & Materials","USA",27506.74,47.08,131.48,2.36%,1164636
396,"QCOM","Qualcomm Inc","Technology","Semiconductors","USA",194156.73,21.40,184.87,1.53%,10122274
397,"RCL","Royal Caribbean Group","Consumer Cyclical","Travel Services","USA",74282.14,17.15,277.74,2.87%,3419445
398,"RDDT","Reddit Inc","Communication Services","Internet Content & Information","USA",28447.75,34.38,147.86,-1.12%,3125974
399,"REG","Regency Centers Corp","Real Estate","REIT - Retail","USA",13111.43,24.16,71.60,-0.28%,1138406400,"REGN","Regeneron Pharmaceuticals Inc","Healthcare","Biotechnology","USA",75692.51,18.17,735.20,0.05%,613949
401,"RF","Regions Financial Corp","Financial","Banks - Regional","USA",23087.29,11.02,27.10,0.52%,11420227
402,"RJF","Raymond James Financial Inc","Financial","Asset Management","USA",30433.55,13.79,158.21,-0.97%,907961
403,"RKLB","Rocket Lab Corp","Industrials","Aerospace & Defense","USA",44238.15,,73.92,4.91%,26839304
404,"RL","Ralph Lauren Corp","Consumer Cyclical","Apparel Manufacturing","USA",21633.26,22.91,363.37,0.20%,559281
405,"RMD","Resmed Inc","Healthcare","Medical Instruments & Supplies","USA",31575.39,20.97,218.89,-1.02%,898890
406,"ROK","Rockwell Automation Inc","Industrials","Specialty Industrial Machinery","USA",50454.97,42.59,454.35,2.69%,716576
407,"ROL","Rollins Inc","Consumer Cyclical","Personal Services","USA",14511.35,27.38,30.16,-1.34%,5576932
408,"ROP","Roper Technologies Inc","Technology","Software - Application","USA",35042.56,14.68,354.32,-2.28%,753210
409,"ROST","Ross Stores Inc","Consumer Cyclical","Apparel Retail","USA",73007.82,27.61,228.54,-2.38%,2358676
410,"RSG","Republic Services Inc","Industrials","Waste Management","USA",64169.99,29.68,209.56,1.25%,1178396
411,"RTX","RTX Corp","Industrials","Aerospace & Defense","USA",248903.97,32.52,184.68,-0.18%,3813667
412,"RVTY","Revvity Inc","Healthcare","Diagnostics & Research","USA",16908.69,71.97,151.53,1.66%,1236578
413,"SBAC","SBA Communications Corp","Real Estate","REIT - Specialty","USA",16813.91,17.07,158.49,0.30%,987849
414,"SBUX","Starbucks Corp","Consumer Cyclical","Restaurants","USA",107969.40,54.61,94.71,-0.18%,6366524
415,"SCHW","Charles Schwab Corp","Financial","Capital Markets","USA",167226.76,17.58,96.70,-1.70%,7722113
416,"SHOP","Shopify Inc","Technology","Software - Application","Canada",194784.43,102.12,151.39,1.54%,5731774
417,"SHW","Sherwin-Williams Co","Basic Materials","Specialty Chemicals","USA",77563.66,29.46,319.51,-0.40%,1572084
418,"SJM","J.M. Smucker Co","Consumer Defensive","Packaged Foods","USA",12518.61,54.95,117.19,1.07%,1154585
419,"SLB","SLB Ltd","Energy","Oil & Gas Equipment & Services","USA",72337.15,23.66,48.74,0.16%,12608134
420,"SMCI","Super Micro Computer Inc","Technology","Computer Hardware","USA",28702.82,13.29,43.69,4.22%,44497408
421,"SNA","Snap-on Inc","Industrials","Tools & Accessories","USA",19082.14,18.82,368.90,0.32%,249400
422,"SNDK","Sandisk Corp","Technology","Computer Hardware","USA",251839.23,23.60,1719.99,-3.79%,8191520
423,"SNPS","Synopsys Inc","Technology","Software - Infrastructure","USA",93882.79,86.55,489.90,-0.13%,3327855
424,"SO","Southern Company","Utilities","Utilities - Regulated Electric","USA",96308.39,20.20,83.72,0.30%,7802508
425,"SOLV","Solventum Corp","Healthcare","Medical Instruments & Supplies","USA",14954.16,10.74,87.85,0.09%,880453
426,"SPCX","Space Exploration Technologies Corp","Industrials","Aerospace & Defense","USA",2157257.26,,158.96,7.35%,119859134
427,"SPG","Simon Property Group Inc","Real Estate","REIT - Retail","USA",65019.28,38.13,200.95,0.07%,1228685
428,"SPGI","S&P Global Inc","Financial","Financial Data & Stock Exchanges","USA",113872.39,23.52,386.27,-0.49%,2770862
429,"SRE","Sempra","Utilities","Utilities - Diversified","USA",51252.71,22.71,78.38,0.42%,2950739
430,"STE","Steris Plc","Healthcare","Medical Devices","Ireland",20332.67,25.49,208.54,-0.38%,676684
431,"STLD","Steel Dynamics Inc","Basic Materials","Steel","USA",33250.69,21.04,231.99,2.57%,574605
432,"STT","State Street Corp","Financial","Asset Management","USA",48336.52,15.51,175.96,0.77%,1752495
433,"STX","Seagate Technology Holdings Plc","Technology","Computer Hardware","USA",193054.40,61.19,848.99,-10.21%,13577249
434,"STZ","Constellation Brands Inc","Consumer Defensive","Beverages - Brewers","USA",19275.47,10.77,112.87,-0.11%,1522657
435,"SW","Smurfit WestRock plc","Consumer Cyclical","Packaging & Containers","Ireland",22243.71,45.24,42.54,-1.16%,4856291
436,"SWK","Stanley Black & Decker Inc","Industrials","Tools & Accessories","USA",13793.86,22.27,91.34,1.95%,2042359
437,"SWKS","Skyworks Solutions Inc","Technology","Semiconductors","USA",12794.70,44.05,85.03,2.25%,8733618
438,"SYF","Synchrony Financial","Financial","Credit Services","USA",23351.86,7.36,71.77,0.36%,3116956
439,"SYK","Stryker Corp","Healthcare","Medical Devices","USA",105647.52,28.54,275.43,0.90%,1995385
440,"SYY","Sysco Corp","Consumer Defensive","Food Distribution","USA",38118.41,21.21,77.49,-0.36%,3987721
441,"T","AT&T Inc","Communication Services","Telecom Services","USA",166512.97,8.04,24.30,0.00%,29139110
442,"TDG","Transdigm Group Incorporated","Industrials","Aerospace & Defense","USA",60272.42,33.06,1090.38,-0.63%,278630
443,"TDY","Teledyne Technologies Inc","Technology","Scientific & Technical Instruments","USA",28609.33,29.82,617.17,0.73%,182180
444,"TECH","Bio-Techne Corp","Healthcare","Biotechnology","USA",11353.64,62.50,72.40,0.00%,1866663
445,"TEL","TE Connectivity plc","Technology","Electronic Components","Ireland",63797.13,21.60,220.36,1.19%,1298997
446,"TER","Teradyne Inc","Technology","Semiconductor Equipment & Materials","USA",70203.25,61.61,449.04,8.00%,3401925
447,"TFC","Truist Financial Corp","Financial","Banks - Regional","USA",31140.52,10.66,46.45,0.37%,9146760
448,"TGT","Target Corp","Consumer Defensive","Discount Stores","USA",70870.29,16.19,156.00,-0.45%,4300972
449,"TJX","TJX Companies Inc","Consumer Cyclical","Apparel Retail","USA",145944.54,24.54,132.68,-0.68%,6951628
450,"TKO","TKO Group Holdings Inc","Communication Services","Entertainment","USA",33231.98,60.74,175.58,-0.26%,930308
451,"TMO","Thermo Fisher Scientific Inc","Healthcare","Diagnostics & Research","USA",242110.52,35.22,654.80,0.35%,1667702
452,"TMUS","T-Mobile US Inc","Communication Services","Telecom Services","USA",175531.99,17.13,163.64,1.18%,3410026
453,"TPL","Texas Pacific Land Corp","Energy","Oil & Gas E&P","USA",23464.50,43.37,340.19,1.11%,291491
454,"TPR","Tapestry Inc","Consumer Cyclical","Luxury Goods","USA",23594.52,16.22,118.12,-0.94%,3638986
455,"TRGP","Targa Resources Corp","Energy","Oil & Gas Midstream","USA",60413.79,26.90,281.74,0.87%,1246275
456,"TRI","Thomson-Reuters Corp","Industrials","Specialty Business Services","Canada",42293.87,26.18,97.62,-1.75%,1735562
457,"TRMB","Trimble Inc","Technology","Scientific & Technical Instruments","USA",13412.50,,57.52,-0.02%,1997497
458,"TROW","T. Rowe Price Group Inc","Financial","Asset Management","USA",22317.10,10.49,104.62,-1.14%,1620352
459,"TRV","Travelers Companies Inc","Financial","Insurance - Property & Casualty","USA",75166.26,9.65,360.38,-0.35%,882431
460,"TSCO","Tractor Supply Co","Consumer Cyclical","Specialty Retail","USA",16199.14,16.23,31.09,-2.02%,13638961
461,"TSLA","Tesla Inc","Consumer Cyclical","Auto Manufacturers","USA",1463662.83,344.32,370.59,4.65%,55330140
462,"TSN","Tyson Foods Inc","Consumer Defensive","Farm Products","USA",17891.70,31.35,51.89,2.81%,3294768
463,"TT","Trane Technologies plc","Industrials","Building Products & Equipment","Ireland",102070.95,35.14,463.91,1.08%,1332406
464,"TTWO","Take-Two Interactive Software Inc","Communication Services","Electronic Gaming & Multimedia","USA",37906.54,,202.73,-0.44%,1597547
465,"TXN","Texas Instruments Inc","Technology","Semiconductors","USA",268312.16,44.70,293.80,4.44%,5052143
466,"TXT","Textron Inc","Industrials","Aerospace & Defense","USA",13287.71,14.58,77.26,0.12%,2287970
467,"TYL","Tyler Technologies Inc","Technology","Software - Application","USA",13219.80,42.78,322.81,-2.23%,379534
468,"UAL","United Airlines Holdings Inc","Industrials","Airlines","USA",36518.92,10.52,112.51,0.65%,4026363
469,"UBER","Uber Technologies Inc","Technology","Software - Application","USA",139118.78,14.97,68.11,0.34%,15575552
470,"UDR","UDR Inc","Real Estate","REIT - Residential","USA",17372.40,21.20,33.27,-1.22%,3133993
471,"UHS","Universal Health Services Inc","Healthcare","Medical Care Facilities","USA",10354.14,7.16,175.72,0.37%,597956
472,"ULTA","Ulta Beauty Inc","Consumer Cyclical","Specialty Retail","USA",23246.81,19.81,543.69,1.11%,341214
473,"UNH","Unitedhealth Group Inc","Healthcare","Healthcare Plans","USA",333815.52,23.91,371.90,1.83%,3310331
474,"UNP","Union Pacific Corp","Industrials","Railroads","USA",165319.33,22.54,278.28,2.15%,3049556
475,"UPS","United Parcel Service Inc","Industrials","Integrated Freight & Logistics","USA",79139.70,17.32,93.02,-0.93%,4677717
476,"URI","United Rentals Inc","Industrials","Rental & Leasing Services","USA",67286.62,25.97,1081.04,4.54%,617363
477,"USB","U.S. Bancorp","Financial","Banks - Regional","USA",89603.54,11.47,57.51,0.26%,7590221
478,"V","Visa Inc","Financial","Credit Services","USA",673369.31,30.95,360.66,0.23%,4011300
479,"VEEV","Veeva Systems Inc","Healthcare","Health Information Services","USA",44254.54,44.97,273.33,-3.05%,1081784480,"VICI","VICI Properties Inc","Real Estate","REIT - Diversified","USA",24939.41,8.78,22.65,-0.35%,7795419
481,"VLO","Valero Energy Corp","Energy","Oil & Gas Refining & Marketing","USA",116984.92,16.85,406.30,-0.53%,2586999
482,"VLTO","Veralto Corp","Industrials","Pollution & Treatment Controls","USA",23082.35,23.86,94.68,0.08%,1623938
483,"VMC","Vulcan Materials Co","Basic Materials","Building Materials","USA",31495.41,28.69,243.06,-0.38%,914132
484,"VMRK","Vivmark Residential","Real Estate","REIT - Residential","USA",46264.25,26.24,59.79,-0.63%,6499660
485,"VRSK","Verisk Analytics Inc","Industrials","Consulting Services","USA",21329.97,25.18,163.88,-2.67%,827676
486,"VRSN","Verisign Inc","Technology","Software - Infrastructure","USA",26035.30,31.29,288.32,0.49%,1242298
487,"VRT","Vertiv Holdings Co","Industrials","Electrical Equipment & Parts","USA",97086.32,57.06,252.18,2.46%,3351273
488,"VRTX","Vertex Pharmaceuticals Inc","Healthcare","Biotechnology","USA",127929.33,29.36,504.73,-0.40%,939658
489,"VST","Vistra Corp","Utilities","Utilities - Independent Power Producers","USA",46995.64,23.64,140.02,0.19%,12680811
490,"VTR","Ventas Inc","Real Estate","REIT - Healthcare Facilities","USA",44050.34,154.09,84.01,0.33%,2949368
491,"VTRS","Viatris Inc","Healthcare","Drug Manufacturers - Specialty & Generic","USA",20215.20,,17.60,0.80%,7526176
492,"VZ","Verizon Communications Inc","Communication Services","Telecom Services","USA",190787.28,11.96,45.92,-0.13%,19768041
493,"WAB","Westinghouse Air Brake Technologies Corp","Industrials","Railroads","USA",48568.63,38.72,287.54,-0.10%,913932
494,"WAT","Waters Corp","Healthcare","Diagnostics & Research","USA",41776.08,106.18,425.21,-0.08%,625603
495,"WBD","Warner Bros. Discovery Inc","Communication Services","Entertainment","USA",77681.06,,30.94,-0.03%,60819558
496,"WDAY","Workday Inc","Technology","Software - Application","USA",44859.74,37.78,186.14,-0.33%,1441446
497,"WDC","Western Digital Corp","Technology","Computer Hardware","USA",149729.04,17.18,415.29,-10.22%,24768458
498,"WEC","WEC Energy Group Inc","Utilities","Utilities - Regulated Electric","USA",33103.04,19.68,101.59,-0.14%,2751088
499,"WELL","Welltower Inc","Real Estate","REIT - Healthcare Facilities","USA",164120.83,,227.71,0.34%,2646799
500,"WFC","Wells Fargo & Co","Financial","Banks - Diversified","USA",243280.79,11.69,80.45,0.25%,10121635
501,"WM","Waste Management Inc","Industrials","Waste Management","USA",81721.77,28.94,204.45,1.26%,2372155
502,"WMB","Williams Cos Inc","Energy","Oil & Gas Midstream","USA",86282.24,28.16,70.54,1.91%,8295735
503,"WMT","Walmart Inc","Consumer Defensive","Discount Stores","USA",827172.38,37.77,104.26,0.00%,23275480
504,"WRB","W.R. Berkley Corp","Financial","Insurance - Property & Casualty","USA",25607.28,14.19,68.98,0.12%,2243227
505,"WSM","Williams-Sonoma Inc","Consumer Cyclical","Specialty Retail","USA",27360.10,23.76,232.30,-0.47%,945152
506,"WST","West Pharmaceutical Services Inc","Healthcare","Medical Instruments & Supplies","USA",25685.75,46.66,364.98,-0.01%,473506
507,"WTW","Willis Towers Watson Public Limited Co","Financial","Insurance Brokers","United Kingdom",26803.77,17.81,288.61,-1.03%,463976
508,"WY","Weyerhaeuser Co","Real Estate","REIT - Specialty","USA",13311.99,28.25,18.47,-0.65%,7706662
509,"WYNN","Wynn Resorts Ltd","Consumer Cyclical","Resorts & Casinos","USA",7813.66,18.17,75.88,-1.84%,2187030
510,"XEL","Xcel Energy Inc","Utilities","Utilities - Regulated Electric","USA",44598.89,19.54,71.40,1.20%,4601126
511,"XOM","ExxonMobil Holdings Corp","Energy","Oil & Gas Integrated","USA",674394.68,21.11,164.01,0.12%,11292324
512,"XYL","Xylem Inc","Industrials","Specialty Industrial Machinery","USA",23766.62,24.18,101.79,0.90%,2257056
513,"XYZ","Block Inc","Technology","Software - Infrastructure","USA",44657.24,132.33,74.33,0.39%,3819663
514,"YUM","Yum Brands Inc","Consumer Cyclical","Restaurants","USA",37147.30,17.12,136.12,-0.42%,1755036
515,"ZBH","Zimmer Biomet Holdings Inc","Healthcare","Medical Devices","USA",16840.23,21.49,88.29,0.26%,1985373
516,"ZBRA","Zebra Technologies Corp","Technology","Communication Equipment","USA",17782.18,34.39,375.86,0.11%,332411
517,"ZTS","Zoetis Inc","Healthcare","Drug Manufacturers - Specialty & Generic","USA",28797.55,11.46,69.69,0.85%,5260393